{"mean": [0.2, 0.2, 0.2, 0.2, 0.2, 0.8950654582074522, 2.850352467270896, 2.056797583081571, 1.244712990936556, 1.1208459214501512, 3.5216515609264856, 2.6445115810674724, 1.5619335347432024, -0.2257804632426989, -0.6712990936555892], "scale": [0.4000000000000001, 0.4000000000000001, 0.4000000000000001, 0.4000000000000001, 0.4000000000000001, 0.7518127276037065, 1.1388773719389889, 0.9642118792834168, 0.751188881944425, 0.816187246145994, 1.1484849214261734, 1.003273889623376, 0.7917252615915374, 1.124290094977555, 1.6276537782718545], "n_features": 15}